-- phpMyAdmin SQL Dump
-- version 4.0.10.6
-- http://www.phpmyadmin.net
--
-- Host: localhost
-- Generation Time: Dec 06, 2014 at 02:47 PM
-- Server version: 5.5.40-cll
-- PHP Version: 5.4.23

SET SQL_MODE = "NO_AUTO_VALUE_ON_ZERO";
SET time_zone = "+00:00";


/*!40101 SET @OLD_CHARACTER_SET_CLIENT=@@CHARACTER_SET_CLIENT */;
/*!40101 SET @OLD_CHARACTER_SET_RESULTS=@@CHARACTER_SET_RESULTS */;
/*!40101 SET @OLD_COLLATION_CONNECTION=@@COLLATION_CONNECTION */;
/*!40101 SET NAMES utf8 */;

--
-- Database: `ispypw_panel`
--

-- --------------------------------------------------------

--
-- Table structure for table `gifts`
--

CREATE TABLE IF NOT EXISTS `gifts` (
  `id` int(11) NOT NULL AUTO_INCREMENT,
  `code` varchar(24) NOT NULL,
  `plan` int(1) NOT NULL,
  PRIMARY KEY (`id`)
) ENGINE=MyISAM  DEFAULT CHARSET=latin1 AUTO_INCREMENT=4 ;

-- --------------------------------------------------------

--
-- Table structure for table `installations`
--

CREATE TABLE IF NOT EXISTS `installations` (
  `id` int(11) NOT NULL AUTO_INCREMENT,
  `uid` int(11) NOT NULL,
  `upload_key` varchar(32) NOT NULL,
  `os` varchar(255) NOT NULL,
  `pcname` varchar(255) NOT NULL,
  `ip` varchar(255) NOT NULL,
  `date` varchar(255) NOT NULL,
  `time` varchar(255) DEFAULT NULL,
  PRIMARY KEY (`id`)
) ENGINE=InnoDB  DEFAULT CHARSET=latin1 AUTO_INCREMENT=53 ;

--
-- Dumping data for table `installations`
--

INSERT INTO `installations` (`id`, `uid`, `upload_key`, `os`, `pcname`, `ip`, `date`, `time`) VALUES
(18, 4, 'e12AsBnKTv7ZNBeSRcbxkaWx', 'Windows 8', 'Ryan\\RYAN-LAPTOP', '76.165.234.192', '27-Oct-2014 ', '27-Oct-2014 08:38:35'),
(19, 4, 'U5jNlYQuGbZ52BbRusavXNKR', 'Windows 8', 'Ryan\\RYAN-LAPTOP', '76.165.234.192', '01-Nov-2014 ', '01-Nov-2014 12:21:08'),
(20, 4, 'PHJmuhOIpP64fmL11gtQ15g7', 'Windows 8', 'Ryan\\RYAN-LAPTOP', '76.165.234.192', '01-Nov-2014 ', '01-Nov-2014 06:46:23'),
(21, 4, 'PHJmuhOIpP64fmL11gtQ15g7', 'Windows 8', 'Ryan\\RYAN-LAPTOP', '76.165.234.192', '01-Nov-2014 ', '01-Nov-2014 06:48:11'),
(22, 4, 'PHJmuhOIpP64fmL11gtQ15g7', 'Windows 8', 'Ryan\\RYAN-LAPTOP', '76.165.234.192', '02-Nov-2014 ', '02-Nov-2014 01:48:33'),
(23, 4, 'PHJmuhOIpP64fmL11gtQ15g7', 'Windows 8', 'Ryan\\RYAN-LAPTOP', '76.165.234.192', '02-Nov-2014 ', '02-Nov-2014 05:48:49'),
(24, 4, 'PHJmuhOIpP64fmL11gtQ15g7', 'Windows 8', 'Ryan\\RYAN-LAPTOP', '76.165.234.192', '02-Nov-2014 ', '02-Nov-2014 05:49:31'),
(25, 4, 'PHJmuhOIpP64fmL11gtQ15g7', 'Windows 8', 'Ryan\\RYAN-LAPTOP', '76.165.234.192', '02-Nov-2014 ', '02-Nov-2014 05:52:53'),
(26, 4, 'PHJmuhOIpP64fmL11gtQ15g7', 'Windows 8', 'Ryan\\RYAN-LAPTOP', '76.165.234.192', '02-Nov-2014 ', '02-Nov-2014 05:53:42'),
(27, 4, 'PHJmuhOIpP64fmL11gtQ15g7', 'Windows 8', 'Ryan\\RYAN-LAPTOP', '76.165.234.192', '02-Nov-2014 ', '02-Nov-2014 05:54:08'),
(28, 4, 'PHJmuhOIpP64fmL11gtQ15g7', 'Windows 8', 'Ryan\\RYAN-LAPTOP', '76.165.234.192', '02-Nov-2014 ', '02-Nov-2014 05:55:00'),
(29, 4, 'PHJmuhOIpP64fmL11gtQ15g7', 'Windows 8', 'Ryan\\RYAN-LAPTOP', '76.165.234.192', '02-Nov-2014 ', '02-Nov-2014 05:57:31'),
(30, 4, 'PHJmuhOIpP64fmL11gtQ15g7', 'Windows 8', 'Ryan\\RYAN-LAPTOP', '76.165.234.192', '02-Nov-2014 ', '02-Nov-2014 06:01:14'),
(31, 4, 'PHJmuhOIpP64fmL11gtQ15g7', 'Windows 8', 'Ryan\\RYAN-LAPTOP', '76.165.234.192', '02-Nov-2014 ', '02-Nov-2014 06:02:23'),
(32, 4, 'PHJmuhOIpP64fmL11gtQ15g7', 'Windows 8', 'Ryan\\RYAN-LAPTOP', '76.165.234.192', '02-Nov-2014 ', '02-Nov-2014 06:03:21'),
(33, 4, 'PHJmuhOIpP64fmL11gtQ15g7', 'Windows 8', 'Ryan\\RYAN-LAPTOP', '76.165.234.192', '02-Nov-2014 ', '02-Nov-2014 06:03:39'),
(34, 4, 'PHJmuhOIpP64fmL11gtQ15g7', 'Windows 8', 'Ryan\\RYAN-LAPTOP', '76.165.234.192', '02-Nov-2014 ', '02-Nov-2014 06:04:21'),
(35, 4, 'PHJmuhOIpP64fmL11gtQ15g7', 'Windows 8', 'Ryan\\RYAN-LAPTOP', '76.165.234.192', '02-Nov-2014 ', '02-Nov-2014 06:06:57'),
(36, 4, 'PHJmuhOIpP64fmL11gtQ15g7', 'Windows 8', 'Ryan\\RYAN-LAPTOP', '76.165.234.192', '02-Nov-2014 ', '02-Nov-2014 06:07:46'),
(37, 4, 'PHJmuhOIpP64fmL11gtQ15g7', 'Windows 8', 'Ryan\\RYAN-LAPTOP', '76.165.234.192', '02-Nov-2014 ', '02-Nov-2014 06:09:20'),
(38, 4, 'PHJmuhOIpP64fmL11gtQ15g7', 'Windows 8', 'Ryan\\RYAN-LAPTOP', '76.165.234.192', '02-Nov-2014 ', '02-Nov-2014 06:16:04'),
(39, 4, 'PHJmuhOIpP64fmL11gtQ15g7', 'Windows 8', 'Ryan\\RYAN-LAPTOP', '76.165.234.192', '02-Nov-2014 ', '02-Nov-2014 06:37:57'),
(40, 4, 'PHJmuhOIpP64fmL11gtQ15g7', 'Windows 8', 'Ryan\\RYAN-LAPTOP', '76.165.234.192', '02-Nov-2014 ', '02-Nov-2014 07:19:31'),
(41, 11, 'CcbAdLKYvGdyFpoPn0s7gopz', 'Windows 7', 'Mathias\\MATHIAS-PC', '2.108.148.251', '03-Nov-2014 ', '03-Nov-2014 01:02:04'),
(42, 4, 'PHJmuhOIpP64fmL11gtQ15g7', 'Windows 8', 'Ryan\\RYAN-LAPTOP', '76.165.234.192', '04-Nov-2014 ', '04-Nov-2014 04:49:51'),
(43, 4, 'PHJmuhOIpP64fmL11gtQ15g7', 'Windows 7', 'user\\SAFIYAH-PC', '86.98.25.142', '05-Nov-2014 ', '05-Nov-2014 12:54:05'),
(44, 4, 'PHJmuhOIpP64fmL11gtQ15g7', 'Windows 8', 'Larry\\LARRY', '37.247.48.201', '05-Nov-2014 ', '05-Nov-2014 12:57:12'),
(45, 4, 'PHJmuhOIpP64fmL11gtQ15g7', 'Windows 7', 'user\\SAFIYAH-PC', '86.98.25.142', '05-Nov-2014 ', '05-Nov-2014 01:04:13'),
(46, 4, 'PHJmuhOIpP64fmL11gtQ15g7', 'Windows 7', 'user\\SAFIYAH-PC', '86.98.25.142', '05-Nov-2014 ', '05-Nov-2014 01:09:15'),
(47, 4, 'PHJmuhOIpP64fmL11gtQ15g7', 'Windows 8', 'Larry\\LARRY', '37.247.48.201', '05-Nov-2014 ', '05-Nov-2014 01:13:12'),
(48, 4, '4L1MYaIHz7zgxgBIWYBdMLRJ', 'Windows 8', 'Ryan\\RYAN-LAPTOP', '76.165.234.192', '11-Nov-2014 ', '11-Nov-2014 10:06:24'),
(49, 4, '4L1MYaIHz7zgxgBIWYBdMLRJ', 'Windows XP', 'Administrator\\ADMIN-D09586EEA', '80.47.239.18', '11-Nov-2014 ', '11-Nov-2014 10:09:54'),
(50, 4, '4L1MYaIHz7zgxgBIWYBdMLRJ', 'Windows XP', 'Administrator\\ADMIN-D09586EEA', '80.47.239.18', '11-Nov-2014 ', '11-Nov-2014 10:34:55'),
(51, 4, 'M5hpalK4pwUsOhqA6QlHYY2T', 'Windows 8', 'Ryan\\RYAN-LAPTOP', '76.165.234.192', '02-Dec-2014 ', '02-Dec-2014 09:46:12'),
(52, 4, 'M5hpalK4pwUsOhqA6QlHYY2T', 'Windows XP', 'Administrator\\ADMIN-D09586EEA', '86.187.45.133', '03-Dec-2014 ', '03-Dec-2014 11:41:46');

-- --------------------------------------------------------

--
-- Table structure for table `logs`
--

CREATE TABLE IF NOT EXISTS `logs` (
  `id` int(11) NOT NULL AUTO_INCREMENT,
  `uid` int(11) NOT NULL,
  `unique_key` varchar(32) NOT NULL,
  `upload_key` varchar(32) NOT NULL,
  `type` int(1) NOT NULL,
  `pcname` varchar(255) NOT NULL,
  `ip` varchar(255) NOT NULL,
  `log` text NOT NULL,
  `date` varchar(255) NOT NULL,
  `time` varchar(255) DEFAULT NULL,
  PRIMARY KEY (`id`)
) ENGINE=InnoDB  DEFAULT CHARSET=latin1 AUTO_INCREMENT=251 ;

-- --------------------------------------------------------

--
-- Table structure for table `payments`
--

CREATE TABLE IF NOT EXISTS `payments` (
  `id` int(11) NOT NULL AUTO_INCREMENT,
  `uid` int(11) NOT NULL,
  `payment_method` varchar(255) NOT NULL,
  `tnx_id` varchar(255) NOT NULL,
  `amount` varchar(255) NOT NULL,
  `time` varchar(255) NOT NULL,
  PRIMARY KEY (`id`)
) ENGINE=MyISAM DEFAULT CHARSET=latin1 AUTO_INCREMENT=1 ;

-- --------------------------------------------------------

--
-- Table structure for table `permlogs`
--

CREATE TABLE IF NOT EXISTS `permlogs` (
  `id` int(11) NOT NULL AUTO_INCREMENT,
  `uid` int(11) DEFAULT NULL,
  `date` varchar(255) DEFAULT NULL,
  PRIMARY KEY (`id`)
) ENGINE=MyISAM  DEFAULT CHARSET=latin1 AUTO_INCREMENT=207 ;

--
-- Dumping data for table `permlogs`
--

INSERT INTO `permlogs` (`id`, `uid`, `date`) VALUES
(7, 4, '27-Oct-2014'),
(6, 4, '27-Oct-2014'),
(5, 4, '27-Oct-2014'),
(8, 4, '01-Nov-2014'),
(9, 4, '01-Nov-2014'),
(10, 4, '01-Nov-2014'),
(11, 4, '01-Nov-2014'),
(12, 4, '01-Nov-2014'),
(13, 4, '01-Nov-2014'),
(14, 4, '01-Nov-2014'),
(15, 4, '01-Nov-2014'),
(16, 4, '01-Nov-2014'),
(17, 4, '01-Nov-2014'),
(18, 4, '01-Nov-2014'),
(19, 4, '01-Nov-2014'),
(20, 4, '01-Nov-2014'),
(21, 4, '01-Nov-2014'),
(22, 4, '02-Nov-2014'),
(23, 4, '02-Nov-2014'),
(24, 4, '02-Nov-2014'),
(25, 4, '02-Nov-2014'),
(26, 4, '02-Nov-2014'),
(27, 4, '02-Nov-2014'),
(28, 4, '02-Nov-2014'),
(29, 4, '02-Nov-2014'),
(30, 4, '02-Nov-2014'),
(31, 4, '02-Nov-2014'),
(32, 4, '02-Nov-2014'),
(33, 4, '02-Nov-2014'),
(34, 4, '02-Nov-2014'),
(35, 4, '02-Nov-2014'),
(36, 4, '02-Nov-2014'),
(37, 4, '02-Nov-2014'),
(38, 4, '02-Nov-2014'),
(39, 4, '02-Nov-2014'),
(40, 4, '02-Nov-2014'),
(41, 4, '02-Nov-2014'),
(42, 4, '02-Nov-2014'),
(43, 4, '02-Nov-2014'),
(44, 4, '02-Nov-2014'),
(45, 4, '02-Nov-2014'),
(46, 4, '02-Nov-2014'),
(47, 4, '02-Nov-2014'),
(48, 4, '02-Nov-2014'),
(49, 4, '02-Nov-2014'),
(50, 4, '02-Nov-2014'),
(51, 4, '02-Nov-2014'),
(52, 4, '02-Nov-2014'),
(53, 4, '02-Nov-2014'),
(54, 4, '02-Nov-2014'),
(55, 4, '02-Nov-2014'),
(56, 4, '02-Nov-2014'),
(57, 4, '02-Nov-2014'),
(58, 4, '02-Nov-2014'),
(59, 4, '02-Nov-2014'),
(60, 4, '02-Nov-2014'),
(61, 4, '02-Nov-2014'),
(62, 4, '02-Nov-2014'),
(63, 4, '02-Nov-2014'),
(64, 11, '03-Nov-2014'),
(65, 11, '03-Nov-2014'),
(66, 4, '04-Nov-2014'),
(67, 4, '04-Nov-2014'),
(68, 4, '04-Nov-2014'),
(69, 4, '04-Nov-2014'),
(70, 4, '04-Nov-2014'),
(71, 4, '04-Nov-2014'),
(72, 4, '04-Nov-2014'),
(73, 13, '05-Nov-2014'),
(74, 4, '05-Nov-2014'),
(75, 4, '05-Nov-2014'),
(76, 4, '05-Nov-2014'),
(77, 4, '05-Nov-2014'),
(78, 4, '05-Nov-2014'),
(79, 4, '05-Nov-2014'),
(80, 4, '05-Nov-2014'),
(81, 4, '05-Nov-2014'),
(82, 4, '05-Nov-2014'),
(83, 4, '05-Nov-2014'),
(84, 4, '05-Nov-2014'),
(85, 4, '05-Nov-2014'),
(86, 4, '05-Nov-2014'),
(87, 4, '05-Nov-2014'),
(88, 4, '05-Nov-2014'),
(89, 4, '05-Nov-2014'),
(90, 4, '05-Nov-2014'),
(91, 4, '05-Nov-2014'),
(92, 4, '05-Nov-2014'),
(93, 4, '05-Nov-2014'),
(94, 4, '05-Nov-2014'),
(95, 4, '05-Nov-2014'),
(96, 4, '05-Nov-2014'),
(97, 4, '05-Nov-2014'),
(98, 4, '05-Nov-2014'),
(99, 4, '05-Nov-2014'),
(100, 4, '05-Nov-2014'),
(101, 16, '07-Nov-2014'),
(102, 16, '07-Nov-2014'),
(103, 4, '11-Nov-2014'),
(104, 4, '11-Nov-2014'),
(105, 4, '11-Nov-2014'),
(106, 4, '11-Nov-2014'),
(107, 4, '11-Nov-2014'),
(108, 4, '11-Nov-2014'),
(109, 4, '11-Nov-2014'),
(110, 4, '11-Nov-2014'),
(111, 4, '11-Nov-2014'),
(112, 4, '11-Nov-2014'),
(113, 4, '11-Nov-2014'),
(114, 4, '11-Nov-2014'),
(115, 4, '11-Nov-2014'),
(116, 4, '11-Nov-2014'),
(117, 4, '11-Nov-2014'),
(118, 4, '11-Nov-2014'),
(119, 4, '11-Nov-2014'),
(120, 4, '11-Nov-2014'),
(121, 4, '11-Nov-2014'),
(122, 4, '01-Dec-2014'),
(123, 4, '02-Dec-2014'),
(124, 4, '02-Dec-2014'),
(125, 4, '02-Dec-2014'),
(126, 4, '02-Dec-2014'),
(127, 4, '02-Dec-2014'),
(128, 4, '02-Dec-2014'),
(129, 4, '02-Dec-2014'),
(130, 4, '03-Dec-2014'),
(131, 4, '03-Dec-2014'),
(132, 4, '03-Dec-2014'),
(133, 4, '03-Dec-2014'),
(134, 4, '03-Dec-2014'),
(135, 4, '03-Dec-2014'),
(136, 4, '03-Dec-2014'),
(137, 4, '03-Dec-2014'),
(138, 4, '03-Dec-2014'),
(139, 4, '03-Dec-2014'),
(140, 4, '03-Dec-2014'),
(141, 4, '03-Dec-2014'),
(142, 4, '03-Dec-2014'),
(143, 4, '03-Dec-2014'),
(144, 4, '03-Dec-2014'),
(145, 4, '03-Dec-2014'),
(146, 4, '04-Dec-2014'),
(147, 4, '04-Dec-2014'),
(148, 4, '04-Dec-2014'),
(149, 4, '04-Dec-2014'),
(150, 4, '04-Dec-2014'),
(151, 4, '04-Dec-2014'),
(152, 4, '04-Dec-2014'),
(153, 4, '04-Dec-2014'),
(154, 4, '04-Dec-2014'),
(155, 4, '04-Dec-2014'),
(156, 4, '04-Dec-2014'),
(157, 4, '04-Dec-2014'),
(158, 4, '04-Dec-2014'),
(159, 4, '04-Dec-2014'),
(160, 4, '04-Dec-2014'),
(161, 4, '04-Dec-2014'),
(162, 4, '04-Dec-2014'),
(163, 4, '04-Dec-2014'),
(164, 4, '04-Dec-2014'),
(165, 4, '04-Dec-2014'),
(166, 4, '04-Dec-2014'),
(167, 4, '04-Dec-2014'),
(168, 4, '04-Dec-2014'),
(169, 4, '04-Dec-2014'),
(170, 4, '04-Dec-2014'),
(171, 4, '04-Dec-2014'),
(172, 4, '04-Dec-2014'),
(173, 4, '04-Dec-2014'),
(174, 4, '04-Dec-2014'),
(175, 4, '04-Dec-2014'),
(176, 4, '04-Dec-2014'),
(177, 4, '04-Dec-2014'),
(178, 4, '04-Dec-2014'),
(179, 4, '04-Dec-2014'),
(180, 4, '04-Dec-2014'),
(181, 4, '04-Dec-2014'),
(182, 4, '04-Dec-2014'),
(183, 4, '04-Dec-2014'),
(184, 4, '04-Dec-2014'),
(185, 4, '04-Dec-2014'),
(186, 4, '04-Dec-2014'),
(187, 4, '04-Dec-2014'),
(188, 4, '04-Dec-2014'),
(189, 4, '04-Dec-2014'),
(190, 4, '04-Dec-2014'),
(191, 4, '04-Dec-2014'),
(192, 4, '04-Dec-2014'),
(193, 4, '04-Dec-2014'),
(194, 4, '04-Dec-2014'),
(195, 4, '04-Dec-2014'),
(196, 4, '04-Dec-2014'),
(197, 4, '04-Dec-2014'),
(198, 4, '04-Dec-2014'),
(199, 4, '04-Dec-2014'),
(200, 4, '04-Dec-2014'),
(201, 4, '04-Dec-2014'),
(202, 4, '04-Dec-2014'),
(203, 4, '04-Dec-2014'),
(204, 4, '04-Dec-2014'),
(205, 4, '04-Dec-2014'),
(206, 4, '04-Dec-2014');

-- --------------------------------------------------------

--
-- Table structure for table `users`
--

CREATE TABLE IF NOT EXISTS `users` (
  `uid` int(11) NOT NULL AUTO_INCREMENT,
  `username` varchar(15) NOT NULL,
  `email` varchar(255) NOT NULL,
  `password` varchar(255) NOT NULL,
  `group` int(1) NOT NULL DEFAULT '1',
  `upload_key` varchar(24) NOT NULL,
  `subscription` int(1) NOT NULL DEFAULT '0',
  `expiration_date` varchar(255) NOT NULL,
  `banned` int(1) NOT NULL DEFAULT '0',
  `hwid` varchar(255) DEFAULT NULL,
  PRIMARY KEY (`uid`)
) ENGINE=InnoDB  DEFAULT CHARSET=latin1 AUTO_INCREMENT=21 ;

--
-- Dumping data for table `users`
--

INSERT INTO `users` (`uid`, `username`, `email`, `password`, `group`, `upload_key`, `subscription`, `expiration_date`, `banned`, `hwid`) VALUES
(4, 'admin', 'admin@ispy.pw', '8f036369a5cd26454949e594fb9e0a2d', 0, 'M5hpalK4pwUsOhqA6QlHYY2T', 1, '04/12/15', 0, 'hyJVBqk7uWU5+KVzr35ovObV4gds5k9osmx7Jzd0kbXEdJCOS4p8zsUJoHGCLrV+QnS02Xafti7taDM1GBF3KQ=='),
(11, 'schau', 'mathiasschau@gmail.com', '97784fec6e2313cf5f1d7ffac21c7098', 1, 'CcbAdLKYvGdyFpoPn0s7gopz', 1, '3/11/24', 0, '0DT+MYGZ63FMsJxISVva2zxp1t7Bmj/s4jc3jA+qzNTDBtybFj/gUsAgz7gdatdII4JlFtDwT4fgoGl27h9yOg=='),
(15, 'worldpeacehf', 'worldpeace.hf@gmail.com', '2cbe7f341eb6aca638a32b77ddedfd4c', 1, 'Uzqmz0yqi21lmgJ6HGMVPyyT', 0, '', 0, '9pqrD0Zq4eIshpVGzDGyzEPwHZMBjBx7B0hq47EQ5RyKq8FTvzQVuevqG7IDqituJU++50oFAI3UYjhxjKNguQ=='),
(17, 'GiveGP', 'FuckyouIlied@gmail.com', '17c356ec98b72c0ad4b6337beddef772', 1, 'OOpeSQo3QSOWy52yDdfWSYXa', 0, '', 0, 'MKUG7QOnoDlSxt+pxhWquCRvfYIMnzZXgpdv0lw9/njtZGC8YBEZEHnqtCKgRnmp465AYUSUKaa6Nv+xY4jhGQ=='),
(18, 'netanelb', 'netanelborno@gmail.com', 'e7f2695b8a8dd0c3b37e9525c37884cf', 1, 'G72LE5QekzArkTDtDN5RphmM', 0, '', 0, 'hsu4dPw5p+HTE4dad1YM4Xv8E9mvmsAx/ViX0/LwwUgsNGy3M8Di4SMj0XbDi9frn9JyIa4sSeGS+CCuaHuGCgT1R+EiNwnv70G0LLbEQT7Vc4RD6orFU2hzLUUiLIIT'),
(19, 'swagking', 'lol@lol.com', '8f036369a5cd26454949e594fb9e0a2d', 1, 'Gi9bx97V7PCxZpx8Rcrsa4Lu', 0, '', 0, 'zYvK6HG5eAxte7gVJx780KeOmsuXPCxxh8GUkqmobhkgxDhmV+skNO1QJy8qSOP8dpTaaGRbvi0zznPlSbdgXg=='),
(20, 'mangreat', 'aaroncohn123@outlook.com', '6a6ffa9b39a7627b0e43a7c78278ae8b', 1, 'kG40XNQWhWp7aAGCQZhX2l0H', 1, '05/01/15', 0, 'syM+pmCPb/iPZgMq3yrNqzaMql8bJJTG3FnMwD0k+UKHoJzRqlAUh7IPJgc8H77uJRda7Kh8g4/I/dMm0Sb/hg==');

/*!40101 SET CHARACTER_SET_CLIENT=@OLD_CHARACTER_SET_CLIENT */;
/*!40101 SET CHARACTER_SET_RESULTS=@OLD_CHARACTER_SET_RESULTS */;
/*!40101 SET COLLATION_CONNECTION=@OLD_COLLATION_CONNECTION */;
